[{"id":"denali","name":"Denali","state":"AK","region":"Alaska","type":"National Park","lat":63.1148,"lng":-151.1926},{"id":"gates-arctic","name":"Gates of the Arctic","state":"AK","region":"Alaska","type":"National Park","lat":67.7863,"lng":-153.3018},{"id":"glacier-bay","name":"Glacier Bay","state":"AK","region":"Alaska","type":"National Park","lat":58.6658,"lng":-136.9},{"id":"katmai","name":"Katmai","state":"AK","region":"Alaska","type":"National Park","lat":58.597,"lng":-154.6939},{"id":"kenai-fjords","name":"Kenai Fjords","state":"AK","region":"Alaska","type":"National Park","lat":59.9224,"lng":-149.6525},{"id":"kobuk-valley","name":"Kobuk Valley","state":"AK","region":"Alaska","type":"National Park","lat":67.3556,"lng":-159.1289},{"id":"lake-clark","name":"Lake Clark","state":"AK","region":"Alaska","type":"National Park","lat":60.4127,"lng":-154.3235},{"id":"wrangell-st-elias","name":"Wrangell-St. Elias","state":"AK","region":"Alaska","type":"National Park","lat":61.4182,"lng":-142.6028},{"id":"arches","name":"Arches","state":"UT","region":"West","type":"National Park","lat":38.7331,"lng":-109.5925},{"id":"bryce-canyon","name":"Bryce Canyon","state":"UT","region":"West","type":"National Park","lat":37.593,"lng":-112.1871},{"id":"canyonlands","name":"Canyonlands","state":"UT","region":"West","type":"National Park","lat":38.3269,"lng":-109.8783},{"id":"capitol-reef","name":"Capitol Reef","state":"UT","region":"West","type":"National Park","lat":38.2,"lng":-111.171},{"id":"zion","name":"Zion","state":"UT","region":"West","type":"National Park","lat":37.2982,"lng":-113.0263},{"id":"crater-lake","name":"Crater Lake","state":"OR","region":"West","type":"National Park","lat":42.8684,"lng":-122.1685},{"id":"death-valley","name":"Death Valley","state":"CA/NV","region":"West","type":"National Park","lat":36.5054,"lng":-117.0794},{"id":"grand-teton","name":"Grand Teton","state":"WY","region":"West","type":"National Park","lat":43.7904,"lng":-110.6818},{"id":"great-basin","name":"Great Basin","state":"NV","region":"West","type":"National Park","lat":38.983,"lng":-114.3002},{"id":"joshua-tree","name":"Joshua Tree","state":"CA","region":"West","type":"National Park","lat":33.8734,"lng":-115.901},{"id":"kings-canyon","name":"Kings Canyon","state":"CA","region":"West","type":"National Park","lat":36.8879,"lng":-118.5551},{"id":"lassen-volcanic","name":"Lassen Volcanic","state":"CA","region":"West","type":"National Park","lat":40.4977,"lng":-121.5078},{"id":"mount-rainier","name":"Mount Rainier","state":"WA","region":"West","type":"National Park","lat":46.88,"lng":-121.7269},{"id":"north-cascades","name":"North Cascades","state":"WA","region":"West","type":"National Park","lat":48.7718,"lng":-121.2985},{"id":"olympic","name":"Olympic","state":"WA","region":"West","type":"National Park","lat":47.8021,"lng":-123.6044},{"id":"pinnacles","name":"Pinnacles","state":"CA","region":"West","type":"National Park","lat":36.4906,"lng":-121.1825},{"id":"redwood","name":"Redwood","state":"CA","region":"West","type":"National Park","lat":41.2132,"lng":-124.0046},{"id":"sequoia","name":"Sequoia","state":"CA","region":"West","type":"National Park","lat":36.4864,"lng":-118.5658},{"id":"yellowstone","name":"Yellowstone","state":"WY/MT/ID","region":"West","type":"National Park","lat":44.428,"lng":-110.5885},{"id":"yosemite","name":"Yosemite","state":"CA","region":"West","type":"National Park","lat":37.8651,"lng":-119.5383},{"id":"glacier","name":"Glacier","state":"MT","region":"West","type":"National Park","lat":48.7596,"lng":-113.787},{"id":"channel-islands","name":"Channel Islands","state":"CA","region":"West","type":"National Park","lat":34.0069,"lng":-119.7785},{"id":"big-bend","name":"Big Bend","state":"TX","region":"Southwest","type":"National Park","lat":29.25,"lng":-103.25},{"id":"carlsbad-caverns","name":"Carlsbad Caverns","state":"NM","region":"Southwest","type":"National Park","lat":32.1479,"lng":-104.5567},{"id":"grand-canyon","name":"Grand Canyon","state":"AZ","region":"Southwest","type":"National Park","lat":36.107,"lng":-112.113},{"id":"guadalupe-mountains","name":"Guadalupe Mountains","state":"TX","region":"Southwest","type":"National Park","lat":31.9231,"lng":-104.8645},{"id":"mesa-verde","name":"Mesa Verde","state":"CO","region":"Southwest","type":"National Park","lat":37.1853,"lng":-108.4862},{"id":"petrified-forest","name":"Petrified Forest","state":"AZ","region":"Southwest","type":"National Park","lat":35.0657,"lng":-109.788},{"id":"saguaro","name":"Saguaro","state":"AZ","region":"Southwest","type":"National Park","lat":32.2967,"lng":-111.1666},{"id":"white-sands","name":"White Sands","state":"NM","region":"Southwest","type":"National Park","lat":32.7872,"lng":-106.3257},{"id":"black-canyon","name":"Black Canyon of the Gunnison","state":"CO","region":"Southwest","type":"National Park","lat":38.5754,"lng":-107.7416},{"id":"rocky-mountain","name":"Rocky Mountain","state":"CO","region":"Southwest","type":"National Park","lat":40.3428,"lng":-105.6836},{"id":"great-sand-dunes","name":"Great Sand Dunes","state":"CO","region":"Southwest","type":"National Park","lat":37.7916,"lng":-105.5943},{"id":"badlands","name":"Badlands","state":"SD","region":"Midwest","type":"National Park","lat":43.8554,"lng":-102.3397},{"id":"cuyahoga-valley","name":"Cuyahoga Valley","state":"OH","region":"Midwest","type":"National Park","lat":41.2808,"lng":-81.5678},{"id":"gateway-arch","name":"Gateway Arch","state":"MO","region":"Midwest","type":"National Park","lat":38.6247,"lng":-90.1848},{"id":"indiana-dunes","name":"Indiana Dunes","state":"IN","region":"Midwest","type":"National Park","lat":41.6533,"lng":-87.0524},{"id":"isle-royale","name":"Isle Royale","state":"MI","region":"Midwest","type":"National Park","lat":48,"lng":-88.8986},{"id":"theodore-roosevelt","name":"Theodore Roosevelt","state":"ND","region":"Midwest","type":"National Park","lat":46.979,"lng":-103.4591},{"id":"voyageurs","name":"Voyageurs","state":"MN","region":"Midwest","type":"National Park","lat":48.4839,"lng":-92.8279},{"id":"wind-cave","name":"Wind Cave","state":"SD","region":"Midwest","type":"National Park","lat":43.5724,"lng":-103.4394},{"id":"acadia","name":"Acadia","state":"ME","region":"East","type":"National Park","lat":44.3386,"lng":-68.2733},{"id":"biscayne","name":"Biscayne","state":"FL","region":"East","type":"National Park","lat":25.4824,"lng":-80.2083},{"id":"congaree","name":"Congaree","state":"SC","region":"East","type":"National Park","lat":33.7948,"lng":-80.7821},{"id":"dry-tortugas","name":"Dry Tortugas","state":"FL","region":"East","type":"National Park","lat":24.6285,"lng":-82.8732},{"id":"everglades","name":"Everglades","state":"FL","region":"East","type":"National Park","lat":25.2866,"lng":-80.8987},{"id":"great-smoky-mountains","name":"Great Smoky Mountains","state":"TN/NC","region":"East","type":"National Park","lat":35.6118,"lng":-83.4895},{"id":"hot-springs","name":"Hot Springs","state":"AR","region":"East","type":"National Park","lat":34.5217,"lng":-93.0424},{"id":"mammoth-cave","name":"Mammoth Cave","state":"KY","region":"East","type":"National Park","lat":37.187,"lng":-86.1004},{"id":"new-river-gorge","name":"New River Gorge","state":"WV","region":"East","type":"National Park","lat":38.0659,"lng":-81.0837},{"id":"shenandoah","name":"Shenandoah","state":"VA","region":"East","type":"National Park","lat":38.2928,"lng":-78.6796},{"id":"virgin-islands","name":"Virgin Islands","state":"VI","region":"East","type":"National Park","lat":18.3358,"lng":-64.7505},{"id":"haleakala","name":"Haleakala","state":"HI","region":"Pacific","type":"National Park","lat":20.7097,"lng":-156.1731},{"id":"hawaii-volcanoes","name":"Hawaii Volcanoes","state":"HI","region":"Pacific","type":"National Park","lat":19.4194,"lng":-155.2885},{"id":"american-samoa","name":"National Park of American Samoa","state":"AS","region":"Pacific","type":"National Park","lat":-14.2583,"lng":-170.6883}]