[{"id":"nm-admiralty-island","name":"Admiralty Island","state":"AK","region":"Alaska","lat":57.64,"lng":-134.35},{"id":"nm-aleutian-islands-wwii","name":"Aleutian Islands World War II","state":"AK","region":"Alaska","lat":52.87,"lng":173.16},{"id":"nm-aniakchak","name":"Aniakchak","state":"AK","region":"Alaska","lat":56.9,"lng":-158.15},{"id":"nm-cape-krusenstern","name":"Cape Krusenstern","state":"AK","region":"Alaska","lat":67.41,"lng":-163.5},{"id":"nm-misty-fjords","name":"Misty Fjords","state":"AK","region":"Alaska","lat":55.62,"lng":-130.61},{"id":"nm-agua-fria","name":"Agua Fria","state":"AZ","region":"West","lat":34.15,"lng":-112.08},{"id":"nm-baaj-nwaavjo","name":"Baaj Nwaavjo I'tah Kukveni – Ancestral Footprints of the Grand Canyon","state":"AZ","region":"West","lat":35.54,"lng":-112},{"id":"nm-canyon-de-chelly","name":"Canyon de Chelly","state":"AZ","region":"West","lat":36.13,"lng":-109.47},{"id":"nm-casa-grande-ruins","name":"Casa Grande Ruins","state":"AZ","region":"West","lat":32.99,"lng":-111.54},{"id":"nm-chiricahua","name":"Chiricahua","state":"AZ","region":"West","lat":32.02,"lng":-109.35},{"id":"nm-grand-canyon-parashant","name":"Grand Canyon-Parashant","state":"AZ","region":"West","lat":36.4,"lng":-113.7},{"id":"nm-hohokam-pima","name":"Hohokam Pima","state":"AZ","region":"West","lat":33.19,"lng":-111.91},{"id":"nm-ironwood-forest","name":"Ironwood Forest","state":"AZ","region":"West","lat":32.46,"lng":-111.57},{"id":"nm-montezuma-castle","name":"Montezuma Castle","state":"AZ","region":"West","lat":34.61,"lng":-111.84},{"id":"nm-navajo","name":"Navajo","state":"AZ","region":"West","lat":36.68,"lng":-110.53},{"id":"nm-organ-pipe-cactus","name":"Organ Pipe Cactus","state":"AZ","region":"West","lat":32.04,"lng":-112.86},{"id":"nm-pipe-spring","name":"Pipe Spring","state":"AZ","region":"West","lat":36.86,"lng":-112.74},{"id":"nm-sonoran-desert","name":"Sonoran Desert","state":"AZ","region":"West","lat":33,"lng":-112.46},{"id":"nm-sunset-crater-volcano","name":"Sunset Crater Volcano","state":"AZ","region":"West","lat":35.36,"lng":-111.5},{"id":"nm-tonto","name":"Tonto","state":"AZ","region":"West","lat":33.65,"lng":-111.09},{"id":"nm-tuzigoot","name":"Tuzigoot","state":"AZ","region":"West","lat":34.79,"lng":-112.04},{"id":"nm-vermilion-cliffs","name":"Vermilion Cliffs","state":"AZ","region":"West","lat":36.81,"lng":-111.74},{"id":"nm-walnut-canyon","name":"Walnut Canyon","state":"AZ","region":"West","lat":35.17,"lng":-111.51},{"id":"nm-wupatki","name":"Wupatki","state":"AZ","region":"West","lat":35.52,"lng":-111.37},{"id":"nm-berryessa-snow-mountain","name":"Berryessa Snow Mountain","state":"CA","region":"West","lat":39.22,"lng":-122.77},{"id":"nm-cabrillo","name":"Cabrillo","state":"CA","region":"West","lat":32.67,"lng":-117.24},{"id":"nm-california-coastal","name":"California Coastal","state":"CA","region":"West","lat":36.89,"lng":-122.18},{"id":"nm-carrizo-plain","name":"Carrizo Plain","state":"CA","region":"West","lat":35.16,"lng":-119.75},{"id":"nm-castle-mountains","name":"Castle Mountains","state":"CA","region":"West","lat":35.25,"lng":-115.11},{"id":"nm-cesar-chavez","name":"César E. Chávez","state":"CA","region":"West","lat":35.2273,"lng":-118.5614},{"id":"nm-chuckwalla","name":"Chuckwalla","state":"CA","region":"West","lat":33.6,"lng":-115.3},{"id":"nm-devils-postpile","name":"Devils Postpile","state":"CA","region":"West","lat":37.5,"lng":-119.08},{"id":"nm-fort-ord","name":"Fort Ord","state":"CA","region":"West","lat":36.6392,"lng":-121.7353},{"id":"nm-giant-sequoia","name":"Giant Sequoia","state":"CA","region":"West","lat":36.04,"lng":-118.5},{"id":"nm-lava-beds","name":"Lava Beds","state":"CA","region":"West","lat":41.71,"lng":-121.51},{"id":"nm-mojave-trails","name":"Mojave Trails","state":"CA","region":"West","lat":34.6,"lng":-116},{"id":"nm-muir-woods","name":"Muir Woods","state":"CA","region":"West","lat":37.89,"lng":-122.58},{"id":"nm-saint-francis-dam","name":"Saint Francis Dam Disaster","state":"CA","region":"West","lat":34.55,"lng":-118.51},{"id":"nm-san-gabriel-mountains","name":"San Gabriel Mountains","state":"CA","region":"West","lat":34.22,"lng":-118.06},{"id":"nm-sand-to-snow","name":"Sand to Snow","state":"CA","region":"West","lat":34.08,"lng":-116.68},{"id":"nm-santa-rosa-san-jacinto","name":"Santa Rosa and San Jacinto Mountains","state":"CA","region":"West","lat":33.8,"lng":-116.7},{"id":"nm-sattitla-highlands","name":"Sáttítla Highlands","state":"CA","region":"West","lat":41.5,"lng":-121.5},{"id":"nm-tule-lake","name":"Tule Lake","state":"CA","region":"West","lat":41.89,"lng":-121.37},{"id":"nm-browns-canyon","name":"Browns Canyon","state":"CO","region":"West","lat":38.615,"lng":-106.059},{"id":"nm-camp-hale","name":"Camp Hale-Continental Divide","state":"CO","region":"West","lat":39.44,"lng":-106.37},{"id":"nm-canyons-of-ancients","name":"Canyons of the Ancients","state":"CO","region":"West","lat":37.37,"lng":-109},{"id":"nm-chimney-rock","name":"Chimney Rock","state":"CO","region":"West","lat":37.1917,"lng":-107.3064},{"id":"nm-colorado","name":"Colorado","state":"CO","region":"West","lat":39.04,"lng":-108.69},{"id":"nm-florissant-fossil-beds","name":"Florissant Fossil Beds","state":"CO","region":"West","lat":38.92,"lng":-105.27},{"id":"nm-hovenweep","name":"Hovenweep","state":"CO/UT","region":"West","lat":37.38,"lng":-109.08},{"id":"nm-yucca-house","name":"Yucca House","state":"CO","region":"West","lat":37.25,"lng":-108.69},{"id":"nm-papahanaumokuakea","name":"Papahānaumokuākea Marine","state":"HI","region":"West","lat":25.7,"lng":-171.73},{"id":"nm-craters-of-moon","name":"Craters of the Moon","state":"ID","region":"West","lat":43.42,"lng":-113.52},{"id":"nm-hagerman-fossil-beds","name":"Hagerman Fossil Beds","state":"ID","region":"West","lat":42.79,"lng":-114.95},{"id":"nm-little-bighorn","name":"Little Bighorn Battlefield","state":"MT","region":"West","lat":45.57,"lng":-107.43},{"id":"nm-pompeys-pillar","name":"Pompeys Pillar","state":"MT","region":"West","lat":45.99,"lng":-108.001},{"id":"nm-upper-missouri-breaks","name":"Upper Missouri River Breaks","state":"MT","region":"West","lat":47.78,"lng":-109.02},{"id":"nm-avi-kwa-ame","name":"Avi Kwa Ame","state":"NV","region":"West","lat":35.4,"lng":-115},{"id":"nm-basin-and-range","name":"Basin and Range","state":"NV","region":"West","lat":37.9,"lng":-115.4},{"id":"nm-gold-butte","name":"Gold Butte","state":"NV","region":"West","lat":36.281,"lng":-114.201},{"id":"nm-tule-springs-fossil","name":"Tule Springs Fossil Beds","state":"NV","region":"West","lat":36.32,"lng":-115.27},{"id":"nm-cascade-siskiyou","name":"Cascade-Siskiyou","state":"OR/CA","region":"West","lat":42.08,"lng":-122.46},{"id":"nm-john-day-fossil-beds","name":"John Day Fossil Beds","state":"OR","region":"West","lat":44.67,"lng":-120.05},{"id":"nm-newberry-volcanic","name":"Newberry Volcanic","state":"OR","region":"West","lat":43.69,"lng":-121.25},{"id":"nm-oregon-caves","name":"Oregon Caves","state":"OR","region":"West","lat":42.1,"lng":-123.41},{"id":"nm-bears-ears","name":"Bears Ears","state":"UT","region":"West","lat":37.63,"lng":-109.86},{"id":"nm-cedar-breaks","name":"Cedar Breaks","state":"UT","region":"West","lat":37.63,"lng":-112.85},{"id":"nm-dinosaur","name":"Dinosaur","state":"UT/CO","region":"West","lat":40.53,"lng":-108.98},{"id":"nm-grand-staircase-escalante","name":"Grand Staircase-Escalante","state":"UT","region":"West","lat":37.4,"lng":-111.68},{"id":"nm-jurassic","name":"Jurassic","state":"UT","region":"West","lat":39.32,"lng":-110.69},{"id":"nm-natural-bridges","name":"Natural Bridges","state":"UT","region":"West","lat":37.58,"lng":-110},{"id":"nm-rainbow-bridge","name":"Rainbow Bridge","state":"UT","region":"West","lat":37.08,"lng":-110.96},{"id":"nm-timpanogos-cave","name":"Timpanogos Cave","state":"UT","region":"West","lat":40.44,"lng":-111.71},{"id":"nm-hanford-reach","name":"Hanford Reach","state":"WA","region":"West","lat":46.48,"lng":-119.53},{"id":"nm-mount-st-helens","name":"Mount St. Helens Volcanic","state":"WA","region":"West","lat":46.23,"lng":-122.18},{"id":"nm-san-juan-islands","name":"San Juan Islands","state":"WA","region":"West","lat":48.53,"lng":-123.03},{"id":"nm-devils-tower","name":"Devils Tower","state":"WY","region":"West","lat":44.59,"lng":-104.72},{"id":"nm-fossil-butte","name":"Fossil Butte","state":"WY","region":"West","lat":41.86,"lng":-110.77},{"id":"nm-aztec-ruins","name":"Aztec Ruins","state":"NM","region":"Southwest","lat":36.83,"lng":-107},{"id":"nm-bandelier","name":"Bandelier","state":"NM","region":"Southwest","lat":35.78,"lng":-106.27},{"id":"nm-capulin-volcano","name":"Capulin Volcano","state":"NM","region":"Southwest","lat":36.79,"lng":-103.96},{"id":"nm-el-malpais","name":"El Malpais","state":"NM","region":"Southwest","lat":34.88,"lng":-108.05},{"id":"nm-el-morro","name":"El Morro","state":"NM","region":"Southwest","lat":35.04,"lng":-108.35},{"id":"nm-fort-union","name":"Fort Union","state":"NM","region":"Southwest","lat":35.925,"lng":-105.009},{"id":"nm-gila-cliff-dwellings","name":"Gila Cliff Dwellings","state":"NM","region":"Southwest","lat":33.24,"lng":-108.28},{"id":"nm-kasha-katuwe","name":"Kasha-Katuwe Tent Rocks","state":"NM","region":"Southwest","lat":35.67,"lng":-106.42},{"id":"nm-organ-mountains","name":"Organ Mountains-Desert Peaks","state":"NM","region":"Southwest","lat":32.3,"lng":-106.55},{"id":"nm-petroglyph","name":"Petroglyph","state":"NM","region":"Southwest","lat":35.16,"lng":-106.76},{"id":"nm-prehistoric-trackways","name":"Prehistoric Trackways","state":"NM","region":"Southwest","lat":32.35,"lng":-106.9},{"id":"nm-rio-grande-del-norte","name":"Río Grande del Norte","state":"NM","region":"Southwest","lat":36.6667,"lng":-105.7},{"id":"nm-salinas-pueblo-missions","name":"Salinas Pueblo Missions","state":"NM","region":"Southwest","lat":34.26,"lng":-106.06},{"id":"nm-alibates-flint","name":"Alibates Flint Quarries","state":"TX","region":"Southwest","lat":35.57,"lng":-101.67},{"id":"nm-castner-range","name":"Castner Range","state":"TX","region":"Southwest","lat":31.9,"lng":-106.5},{"id":"nm-military-working-dog","name":"Military Working Dog Teams","state":"TX","region":"Southwest","lat":29.39,"lng":-98.617},{"id":"nm-waco-mammoth","name":"Waco Mammoth","state":"TX","region":"Southwest","lat":31.606,"lng":-97.174},{"id":"nm-emmett-till","name":"Emmett Till and Mamie Till-Mobley","state":"IL/MS","region":"Midwest","lat":41.814,"lng":-87.6169},{"id":"nm-springfield-race-riot","name":"Springfield 1908 Race Riot","state":"IL","region":"Midwest","lat":39.804,"lng":-89.641},{"id":"nm-effigy-mounds","name":"Effigy Mounds","state":"IA","region":"Midwest","lat":43.09,"lng":-91.19},{"id":"nm-grand-portage","name":"Grand Portage","state":"MN","region":"Midwest","lat":47.96,"lng":-89.68},{"id":"nm-pipestone","name":"Pipestone","state":"MN","region":"Midwest","lat":44.01,"lng":-96.33},{"id":"nm-george-washington-carver","name":"George Washington Carver","state":"MO","region":"Midwest","lat":36.986,"lng":-94.354},{"id":"nm-agate-fossil-beds","name":"Agate Fossil Beds","state":"NE","region":"Midwest","lat":42.416,"lng":-103.728},{"id":"nm-scotts-bluff","name":"Scotts Bluff","state":"NE","region":"Midwest","lat":41.83,"lng":-103.7},{"id":"nm-charles-young","name":"Charles Young Buffalo Soldiers","state":"OH","region":"Midwest","lat":39.7072,"lng":-83.8903},{"id":"nm-jewel-cave","name":"Jewel Cave","state":"SD","region":"Midwest","lat":43.73,"lng":-103.83},{"id":"nm-birmingham-civil-rights","name":"Birmingham Civil Rights","state":"AL","region":"Southeast","lat":33.513,"lng":-86.815},{"id":"nm-freedom-riders","name":"Freedom Riders","state":"AL","region":"Southeast","lat":33.658,"lng":-85.831},{"id":"nm-russell-cave","name":"Russell Cave","state":"AL","region":"Southeast","lat":34.97,"lng":-85.8},{"id":"nm-castillo-san-marcos","name":"Castillo de San Marcos","state":"FL","region":"Southeast","lat":29.898,"lng":-81.311},{"id":"nm-fort-matanzas","name":"Fort Matanzas","state":"FL","region":"Southeast","lat":29.715,"lng":-81.239},{"id":"nm-fort-frederica","name":"Fort Frederica","state":"GA","region":"Southeast","lat":31.224,"lng":-81.393},{"id":"nm-fort-pulaski","name":"Fort Pulaski","state":"GA","region":"Southeast","lat":32.027,"lng":-80.89},{"id":"nm-camp-nelson","name":"Camp Nelson","state":"KY","region":"Southeast","lat":37.78,"lng":-84.6},{"id":"nm-mill-springs-battlefield","name":"Mill Springs Battlefield","state":"KY","region":"Southeast","lat":37.07,"lng":-84.74},{"id":"nm-poverty-point","name":"Poverty Point","state":"LA","region":"Southeast","lat":32.63,"lng":-91.41},{"id":"nm-fort-mchenry","name":"Fort McHenry","state":"MD","region":"Southeast","lat":39.263,"lng":-76.579},{"id":"nm-harriet-tubman","name":"Harriet Tubman Underground Railroad","state":"MD","region":"Southeast","lat":38.4483,"lng":-76.1387},{"id":"nm-medgar-myrlie-evers","name":"Medgar and Myrlie Evers Home","state":"MS","region":"Southeast","lat":32.341,"lng":-90.213},{"id":"nm-booker-t-washington","name":"Booker T. Washington","state":"VA","region":"Southeast","lat":37.123,"lng":-79.766},{"id":"nm-fort-monroe","name":"Fort Monroe","state":"VA","region":"Southeast","lat":37.004,"lng":-76.308},{"id":"nm-george-washington-birthplace","name":"George Washington Birthplace","state":"VA","region":"Southeast","lat":38.1861,"lng":-76.9305},{"id":"nm-belmont-paul","name":"Belmont-Paul Women's Equality","state":"DC","region":"Northeast","lat":38.89,"lng":-77},{"id":"nm-president-lincoln-cottage","name":"President Lincoln and Soldiers' Home","state":"DC","region":"Northeast","lat":38.9416,"lng":-77.0117},{"id":"nm-frances-perkins","name":"Frances Perkins","state":"ME","region":"Northeast","lat":44.005,"lng":-69.556},{"id":"nm-katahdin-woods-waters","name":"Katahdin Woods and Waters","state":"ME","region":"Northeast","lat":45.97,"lng":-68.62},{"id":"nm-african-burial-ground","name":"African Burial Ground","state":"NY","region":"Northeast","lat":40.7144,"lng":-74.0042},{"id":"nm-castle-clinton","name":"Castle Clinton","state":"NY","region":"Northeast","lat":40.7036,"lng":-74.0169},{"id":"nm-fort-stanwix","name":"Fort Stanwix","state":"NY","region":"Northeast","lat":43.218,"lng":-75.459},{"id":"nm-governors-island","name":"Governors Island","state":"NY","region":"Northeast","lat":40.691,"lng":-74.016},{"id":"nm-statue-of-liberty","name":"Statue of Liberty","state":"NY/NJ","region":"Northeast","lat":40.69,"lng":-74.04},{"id":"nm-stonewall","name":"Stonewall","state":"NY","region":"Northeast","lat":40.7336,"lng":-74.0021},{"id":"nm-carlisle-indian-school","name":"Carlisle Federal Indian Boarding School","state":"PA","region":"Northeast","lat":40.21,"lng":-77.18},{"id":"nm-marianas-trench","name":"Marianas Trench Marine","state":"MP/GU","region":"Pacific","lat":20,"lng":145},{"id":"nm-northeast-canyons-seamounts","name":"Northeast Canyons and Seamounts Marine","state":"Atlantic","region":"Atlantic","lat":40.4,"lng":-68},{"id":"nm-pacific-islands-heritage","name":"Pacific Islands Heritage Marine","state":"Pacific","region":"Pacific","lat":16.75,"lng":-169.52},{"id":"nm-rose-atoll","name":"Rose Atoll Marine","state":"AS","region":"Pacific","lat":-14.55,"lng":-168.54},{"id":"nm-buck-island-reef","name":"Buck Island Reef","state":"VI","region":"Caribbean","lat":17.79,"lng":-64.62},{"id":"nm-virgin-islands-coral-reef","name":"Virgin Islands Coral Reef","state":"VI","region":"Caribbean","lat":18.31,"lng":-64.72}]