[{"id":"magic-kingdom","name":"Magic Kingdom","location":"Orlando, Florida","country":"USA","region":"North America","lat":28.4177,"lng":-81.5812,"opened":1971},{"id":"epcot","name":"EPCOT","location":"Orlando, Florida","country":"USA","region":"North America","lat":28.3747,"lng":-81.5494,"opened":1982},{"id":"hollywood-studios","name":"Hollywood Studios","location":"Orlando, Florida","country":"USA","region":"North America","lat":28.3575,"lng":-81.5583,"opened":1989},{"id":"animal-kingdom","name":"Animal Kingdom","location":"Orlando, Florida","country":"USA","region":"North America","lat":28.3553,"lng":-81.5901,"opened":1998},{"id":"disneyland","name":"Disneyland","location":"Anaheim, California","country":"USA","region":"North America","lat":33.8121,"lng":-117.919,"opened":1955},{"id":"california-adventure","name":"Disney California Adventure","location":"Anaheim, California","country":"USA","region":"North America","lat":33.8087,"lng":-117.9187,"opened":2001},{"id":"universal-orlando","name":"Universal Studios Florida","location":"Orlando, Florida","country":"USA","region":"North America","lat":28.4794,"lng":-81.4685,"opened":1990},{"id":"islands-adventure","name":"Islands of Adventure","location":"Orlando, Florida","country":"USA","region":"North America","lat":28.4722,"lng":-81.4703,"opened":1999},{"id":"universal-hollywood","name":"Universal Studios Hollywood","location":"Los Angeles, California","country":"USA","region":"North America","lat":34.1381,"lng":-118.3534,"opened":1964},{"id":"six-flags-magic-mountain","name":"Six Flags Magic Mountain","location":"Valencia, California","country":"USA","region":"North America","lat":34.4252,"lng":-118.5972,"opened":1971},{"id":"six-flags-great-adventure","name":"Six Flags Great Adventure","location":"Jackson, New Jersey","country":"USA","region":"North America","lat":40.1367,"lng":-74.4416,"opened":1974},{"id":"six-flags-great-america","name":"Six Flags Great America","location":"Gurnee, Illinois","country":"USA","region":"North America","lat":42.3698,"lng":-87.9354,"opened":1976},{"id":"six-flags-over-texas","name":"Six Flags Over Texas","location":"Arlington, Texas","country":"USA","region":"North America","lat":32.7556,"lng":-97.0692,"opened":1961},{"id":"six-flags-over-georgia","name":"Six Flags Over Georgia","location":"Austell, Georgia","country":"USA","region":"North America","lat":33.7678,"lng":-84.5509,"opened":1967},{"id":"six-flags-fiesta-texas","name":"Six Flags Fiesta Texas","location":"San Antonio, Texas","country":"USA","region":"North America","lat":29.5996,"lng":-98.6089,"opened":1992},{"id":"six-flags-st-louis","name":"Six Flags St. Louis","location":"Eureka, Missouri","country":"USA","region":"North America","lat":38.5111,"lng":-90.6757,"opened":1971},{"id":"six-flags-new-england","name":"Six Flags New England","location":"Agawam, Massachusetts","country":"USA","region":"North America","lat":42.0391,"lng":-72.616,"opened":1870},{"id":"six-flags-america","name":"Six Flags America","location":"Bowie, Maryland","country":"USA","region":"North America","lat":38.9014,"lng":-76.7714,"opened":1973},{"id":"six-flags-discovery-kingdom","name":"Six Flags Discovery Kingdom","location":"Vallejo, California","country":"USA","region":"North America","lat":38.1389,"lng":-122.2326,"opened":1968},{"id":"six-flags-mexico","name":"Six Flags México","location":"Mexico City","country":"Mexico","region":"North America","lat":19.2948,"lng":-99.2111,"opened":1982},{"id":"six-flags-darien-lake","name":"Six Flags Darien Lake","location":"Darien, New York","country":"USA","region":"North America","lat":42.4399,"lng":-78.4101,"opened":1964},{"id":"six-flags-great-escape","name":"The Great Escape","location":"Queensbury, New York","country":"USA","region":"North America","lat":43.3492,"lng":-73.6947,"opened":1954},{"id":"la-ronde","name":"La Ronde","location":"Montreal, Quebec","country":"Canada","region":"North America","lat":45.5224,"lng":-73.5349,"opened":1967},{"id":"cedar-point","name":"Cedar Point","location":"Sandusky, Ohio","country":"USA","region":"North America","lat":41.4781,"lng":-82.6807,"opened":1870},{"id":"busch-gardens-tampa","name":"Busch Gardens Tampa Bay","location":"Tampa, Florida","country":"USA","region":"North America","lat":28.0372,"lng":-82.4214,"opened":1989},{"id":"legoland-california","name":"Legoland California","location":"Carlsbad, California","country":"USA","region":"North America","lat":33.1267,"lng":-117.3114,"opened":1999},{"id":"wonderland","name":"Canada's Wonderland","location":"Vaughan, Ontario","country":"Canada","region":"North America","lat":43.843,"lng":-79.5393,"opened":1981},{"id":"hersheypark","name":"Hersheypark","location":"Hershey, Pennsylvania","country":"USA","region":"North America","lat":40.2887,"lng":-76.6549,"opened":1906},{"id":"dorney-park","name":"Dorney Park","location":"Allentown, Pennsylvania","country":"USA","region":"North America","lat":40.5793,"lng":-75.5359,"opened":1884},{"id":"dollywood","name":"Dollywood","location":"Pigeon Forge, Tennessee","country":"USA","region":"North America","lat":35.7953,"lng":-83.5306,"opened":1961},{"id":"knotts","name":"Knott's Berry Farm","location":"Buena Park, California","country":"USA","region":"North America","lat":33.8442,"lng":-117.9986,"opened":1920},{"id":"kings-island","name":"Kings Island","location":"Mason, Ohio","country":"USA","region":"North America","lat":39.3447,"lng":-84.2686,"opened":1972},{"id":"tokyo-disneyland","name":"Tokyo Disneyland","location":"Urayasu, Chiba","country":"Japan","region":"Asia","lat":35.6329,"lng":139.8804,"opened":1983},{"id":"tokyo-disneysea","name":"Tokyo DisneySea","location":"Urayasu, Chiba","country":"Japan","region":"Asia","lat":35.6267,"lng":139.885,"opened":2001},{"id":"universal-osaka","name":"Universal Studios Japan","location":"Osaka","country":"Japan","region":"Asia","lat":34.6654,"lng":135.4323,"opened":2001},{"id":"shanghai-disneyland","name":"Shanghai Disneyland","location":"Shanghai","country":"China","region":"Asia","lat":31.1434,"lng":121.657,"opened":2016},{"id":"hong-kong-disneyland","name":"Hong Kong Disneyland","location":"Lantau Island","country":"Hong Kong","region":"Asia","lat":22.313,"lng":114.0413,"opened":2005},{"id":"chimelong-ocean","name":"Chimelong Ocean Kingdom","location":"Zhuhai, Guangdong","country":"China","region":"Asia","lat":22.1044,"lng":113.5423,"opened":2014},{"id":"everland","name":"Everland","location":"Yongin, Gyeonggi","country":"South Korea","region":"Asia","lat":37.2933,"lng":127.2022,"opened":1976},{"id":"lotte-world","name":"Lotte World","location":"Seoul","country":"South Korea","region":"Asia","lat":37.5111,"lng":127.098,"opened":1989},{"id":"ocean-park","name":"Ocean Park Hong Kong","location":"Hong Kong","country":"Hong Kong","region":"Asia","lat":22.2467,"lng":114.1749,"opened":1977},{"id":"universal-singapore","name":"Universal Studios Singapore","location":"Sentosa","country":"Singapore","region":"Asia","lat":1.254,"lng":103.8238,"opened":2010},{"id":"fuji-q","name":"Fuji-Q Highland","location":"Fujiyoshida","country":"Japan","region":"Asia","lat":35.4869,"lng":138.7806,"opened":1968},{"id":"disneyland-paris","name":"Disneyland Paris","location":"Marne-la-Vallée","country":"France","region":"Europe","lat":48.8722,"lng":2.7758,"opened":1992},{"id":"walt-disney-studios","name":"Walt Disney Studios Park","location":"Marne-la-Vallée","country":"France","region":"Europe","lat":48.8686,"lng":2.7807,"opened":2002},{"id":"europa-park","name":"Europa-Park","location":"Rust, Baden-Württemberg","country":"Germany","region":"Europe","lat":48.2661,"lng":7.722,"opened":1975},{"id":"efteling","name":"Efteling","location":"Kaatsheuvel","country":"Netherlands","region":"Europe","lat":51.65,"lng":5.05,"opened":1952},{"id":"portaventura","name":"PortAventura World","location":"Salou, Tarragona","country":"Spain","region":"Europe","lat":41.0862,"lng":1.1553,"opened":1995},{"id":"tivoli","name":"Tivoli Gardens","location":"Copenhagen","country":"Denmark","region":"Europe","lat":55.6736,"lng":12.5681,"opened":1843},{"id":"alton-towers","name":"Alton Towers","location":"Staffordshire","country":"UK","region":"Europe","lat":52.988,"lng":-1.891,"opened":1980},{"id":"phantasialand","name":"Phantasialand","location":"Brühl","country":"Germany","region":"Europe","lat":50.7989,"lng":6.8792,"opened":1967},{"id":"legoland-billund","name":"Legoland Billund","location":"Billund","country":"Denmark","region":"Europe","lat":55.7352,"lng":9.1267,"opened":1968},{"id":"gardaland","name":"Gardaland","location":"Castelnuovo del Garda","country":"Italy","region":"Europe","lat":45.455,"lng":10.7137,"opened":1975},{"id":"parc-asterix","name":"Parc Astérix","location":"Plailly","country":"France","region":"Europe","lat":49.1342,"lng":2.5711,"opened":1989},{"id":"liseberg","name":"Liseberg","location":"Gothenburg","country":"Sweden","region":"Europe","lat":57.6963,"lng":11.9905,"opened":1923},{"id":"dreamworld","name":"Dreamworld","location":"Gold Coast, Queensland","country":"Australia","region":"Oceania","lat":-27.8609,"lng":153.3134,"opened":1981},{"id":"movie-world","name":"Warner Bros. Movie World","location":"Gold Coast, Queensland","country":"Australia","region":"Oceania","lat":-27.9072,"lng":153.3159,"opened":1991},{"id":"ferrari-world","name":"Ferrari World Abu Dhabi","location":"Yas Island","country":"UAE","region":"Middle East","lat":24.4838,"lng":54.6073,"opened":2010},{"id":"img-worlds","name":"IMG Worlds of Adventure","location":"Dubai","country":"UAE","region":"Middle East","lat":25.0467,"lng":55.22,"opened":2016},{"id":"wb-abudhabi","name":"Warner Bros. World","location":"Abu Dhabi","country":"UAE","region":"Middle East","lat":24.4911,"lng":54.5965,"opened":2018}]